<?xml version="1.0" encoding="UTF-8"?><packageBody xmlns:xsi="http://www.w3.org/2001/XMLSchema-instance" xmlns="http://www.vignette.com/xmlschemas/importexport" xsi:schemaLocation="http://www.vignette.com/xmlschemas/importexport 8100/packageBody.xsd"><importConfigNode><group name="VGNGRP_1"/><configNode path="/vcm-vgninst/cdsvcs/stage-Production/resources/Generic/SBGPROPERT" name="SBGPROPERT" type="vcm.da.resource" state="U" processNode="false" productNode="false" productState="U"><inclusion parentPath="/vcm-vgninst/cdsvcs/stage-Production/resources/Generic" type="1"/><variable name="RESOURCE_NAME" state="U"><runValue><![CDATA[SBG_PROPERTIES]]></runValue><configValue><![CDATA[]]></configValue><revertValue><![CDATA[SBG_PROPERTIES]]></revertValue><defaultValue><![CDATA[]]></defaultValue><flags><interpreter value="false"/><restartNeeded value="true"/><encrypted value="false"/><readOnly value="false"/></flags></variable><node name="Generic" type="vcm.da.resource.generic" state="U" processNode="false" productNode="false" productState="U"><inclusion parentPath="/vcm-vgninst/cdsvcs/stage-Production/resources/Generic/SBGPROPERT" type="1"/><variable name="CIB_ACCOLADE_DATE_YEARS" state="U"><runValue><![CDATA[2.6]]></runValue><configValue><![CDATA[]]></configValue><revertValue><![CDATA[2.6]]></revertValue><defaultValue><![CDATA[]]></defaultValue><flags><interpreter value="false"/><restartNeeded value="false"/><encrypted value="false"/><readOnly value="false"/></flags></variable><variable name="CIB_DEALS_START_YEAR" state="U"><runValue><![CDATA[2005]]></runValue><configValue><![CDATA[]]></configValue><revertValue><![CDATA[2005]]></revertValue><defaultValue><![CDATA[]]></defaultValue><flags><interpreter value="false"/><restartNeeded value="false"/><encrypted value="false"/><readOnly value="false"/></flags></variable><variable name="DATA" state="U"><runValue><![CDATA[DATA]]></runValue><configValue><![CDATA[]]></configValue><revertValue><![CDATA[DATA]]></revertValue><defaultValue><![CDATA[]]></defaultValue><flags><interpreter value="false"/><restartNeeded value="true"/><encrypted value="false"/><readOnly value="false"/></flags></variable><variable name="PASSWORD" state="U"><runValue><![CDATA[]]></runValue><configValue><![CDATA[]]></configValue><revertValue><![CDATA[]]></revertValue><defaultValue><![CDATA[]]></defaultValue><flags><interpreter value="false"/><restartNeeded value="true"/><encrypted value="true"/><readOnly value="false"/></flags></variable><variable name="RESOURCE_TYPE" state="U"><runValue><![CDATA[SBG Properties]]></runValue><configValue><![CDATA[]]></configValue><revertValue><![CDATA[SBG Properties]]></revertValue><defaultValue><![CDATA[]]></defaultValue><flags><interpreter value="false"/><restartNeeded value="true"/><encrypted value="false"/><readOnly value="false"/></flags></variable><variable name="CIB_MEDIA_START_YEAR" state="U"><runValue><![CDATA[2005]]></runValue><configValue><![CDATA[]]></configValue><revertValue><![CDATA[2005]]></revertValue><defaultValue><![CDATA[]]></defaultValue><flags><interpreter value="false"/><restartNeeded value="false"/><encrypted value="false"/><readOnly value="false"/></flags></variable></node></configNode></importConfigNode></packageBody>