<?xml version="1.0" encoding="UTF-8"?><packageBody xmlns:xsi="http://www.w3.org/2001/XMLSchema-instance" xmlns="http://www.vignette.com/xmlschemas/importexport" xsi:schemaLocation="http://www.vignette.com/xmlschemas/importexport 8100/packageBody.xsd"><importConfigNode><group name="VGNGRP_1"/><configNode path="/vcm-vgninst/cmsvcs/vmc/spf/tsr/cust/ts-chdesc" name="ts-chdesc" type="vmc.ts" state="U" processNode="false" productNode="false" productState="U"><inclusion parentPath="/vcm-vgninst/cmsvcs/vmc/spf/tsr/cust" type="1"/><variable name="TEMPLATE_NAME" state="U"><runValue><![CDATA[SBG Channel Descriptor]]></runValue><configValue><![CDATA[]]></configValue><revertValue><![CDATA[SBG Channel Descriptor]]></revertValue><defaultValue><![CDATA[]]></defaultValue><flags><interpreter value="false"/><restartNeeded value="false"/><encrypted value="false"/><readOnly value="false"/></flags></variable><variable name="XML" state="U"><runValue><![CDATA[<?xml version="1.0" encoding="UTF-8"?>
<service-provider-asset-type-specification type-name="Channel" base-type-name="RootChannel" visible="false" hierarchical="false"> 
<property-sheet title="SBG Channel Descriptor" width="640" height="480" context="/coe" url="/secure/sheets/COE-objecteditor.jsp" type="com.vignette.as.ui.cm.descriptor.DescriptorAttributeObjectEditor" persistor-type="com.vignette.as.ui.cm.descriptor.ChannelDescriptorAttributePersistor" display-weighting="3">
<script>/secure/sheets/COE-submit-handler.js</script>
<script>/descriptor/SBG-CHANNEL-DESCRIPTOR</script>
<script>/descriptorAttribute/SBG-CHANNEL-DESCRIPTOR</script>
<command-spec id="doRelatorRemove" type="com.vignette.as.ui.cm.coe.struts.commands.RemoveRelatorRowCommand"/>
<required-capability>VCM:CHANNEL_WRITE</required-capability> </property-sheet>
</service-provider-asset-type-specification>]]></runValue><configValue><![CDATA[]]></configValue><revertValue><![CDATA[<?xml version="1.0" encoding="UTF-8"?>
<service-provider-asset-type-specification type-name="Channel" base-type-name="RootChannel" visible="false" hierarchical="false"> 
<property-sheet title="SBG Channel Descriptor" width="640" height="480" context="/coe" url="/secure/sheets/COE-objecteditor.jsp" type="com.vignette.as.ui.cm.descriptor.DescriptorAttributeObjectEditor" persistor-type="com.vignette.as.ui.cm.descriptor.ChannelDescriptorAttributePersistor" display-weighting="3">
<script>/secure/sheets/COE-submit-handler.js</script>
<script>/descriptor/SBG-CHANNEL-DESCRIPTOR</script>
<script>/descriptorAttribute/SBG-CHANNEL-DESCRIPTOR</script>
<command-spec id="doRelatorRemove" type="com.vignette.as.ui.cm.coe.struts.commands.RemoveRelatorRowCommand"/>
<required-capability>VCM:CHANNEL_WRITE</required-capability> </property-sheet>
</service-provider-asset-type-specification>]]></revertValue><defaultValue><![CDATA[]]></defaultValue><flags><interpreter value="false"/><restartNeeded value="false"/><encrypted value="false"/><readOnly value="false"/></flags></variable><variable name="DISPLAY_NAME" state="U"><runValue><![CDATA[SBG Channel Descriptor]]></runValue><configValue><![CDATA[]]></configValue><revertValue><![CDATA[SBG Channel Descriptor]]></revertValue><defaultValue><![CDATA[]]></defaultValue><flags><interpreter value="false"/><restartNeeded value="false"/><encrypted value="false"/><readOnly value="false"/></flags></variable></configNode></importConfigNode></packageBody>