<?xml version="1.0" encoding="UTF-8"?><packageBody xmlns:xsi="http://www.w3.org/2001/XMLSchema-instance" xmlns="http://www.vignette.com/xmlschemas/importexport" xsi:schemaLocation="http://www.vignette.com/xmlschemas/importexport 8100/packageBody.xsd"><importObjectType><group name="VGNGRP_1"/><objectType mgmtId="SITE00000000000000000000000000000000TYPE" vcmId="85984221fe214310VgnVCM1000000a80850aRCRD" vcmStatus="approved" vcmName="Site"><name>Site</name><displayName>Site</displayName><description></description><iconPath></iconPath><defaultLogicalPath></defaultLogicalPath><siteAffinity>false</siteAffinity><workflowCreateId></workflowCreateId><workflowEditId></workflowEditId><javaClassName>com.vignette.as.client.javabean.Site</javaClassName><eligibilitiesClassName></eligibilitiesClassName><dataSourceLabel>AppSvcs Resource</dataSourceLabel><userApplURL></userApplURL><editorStyle>v8</editorStyle><smallIconPath></smallIconPath><largeIconPath></largeIconPath><defaultThumbnailPath></defaultThumbnailPath><relation mgmtId="SITERELATION000000000000000000000000TYPE"><parentRelation></parentRelation><name>SiteAttrRelation</name><displayName>SiteAttrRelation</displayName><minimum>0</minimum><maximum>-1</maximum><beanPropertyName>SiteAttrRelation</beanPropertyName><suppressBeanProperty>false</suppressBeanProperty><attributeDefinition mgmtId="SITEATTRDEF0000000000000000000000000TYPE"><name>name</name><displayName>Name</displayName><columnSource></columnSource><comment></comment><helpText></helpText><language></language><ordering>1</ordering><extensibleOrdinal>-1</extensibleOrdinal><dataTypeValue>1</dataTypeValue><required>true</required><autoGen>false</autoGen><workflowRequired>false</workflowRequired><key>false</key><searchable>false</searchable><summary>false</summary><visible>true</visible><defaultLabel>true</defaultLabel><orderBy>false</orderBy><attributeTypeValue>2</attributeTypeValue><widgetName></widgetName><widgetData></widgetData><referencedAttributeDefinitionName></referencedAttributeDefinitionName><beanPropertyName>name</beanPropertyName><suppressBeanProperty>false</suppressBeanProperty><groupSplit>false</groupSplit><groupName></groupName><toolTip></toolTip><filterable>false</filterable></attributeDefinition><attributeDefinition mgmtId="SITEATTRDEF1000000000000000000000000TYPE"><name>description</name><displayName>Description</displayName><columnSource></columnSource><comment></comment><helpText></helpText><language></language><ordering>1</ordering><extensibleOrdinal>-1</extensibleOrdinal><dataTypeValue>1</dataTypeValue><required>true</required><autoGen>false</autoGen><workflowRequired>false</workflowRequired><key>false</key><searchable>false</searchable><summary>false</summary><visible>true</visible><defaultLabel>false</defaultLabel><orderBy>false</orderBy><attributeTypeValue>2</attributeTypeValue><widgetName></widgetName><widgetData></widgetData><referencedAttributeDefinitionName></referencedAttributeDefinitionName><beanPropertyName>description</beanPropertyName><suppressBeanProperty>false</suppressBeanProperty><groupSplit>false</groupSplit><groupName></groupName><toolTip></toolTip><filterable>false</filterable></attributeDefinition><attributeDefinition mgmtId="SITEATTRDEF2000000000000000000000000TYPE"><name>homeChannelId</name><displayName>homeChannelId</displayName><columnSource></columnSource><comment></comment><helpText></helpText><language></language><ordering>1</ordering><extensibleOrdinal>-1</extensibleOrdinal><dataTypeValue>10</dataTypeValue><required>true</required><autoGen>false</autoGen><workflowRequired>false</workflowRequired><key>false</key><searchable>false</searchable><summary>false</summary><visible>true</visible><defaultLabel>false</defaultLabel><orderBy>false</orderBy><attributeTypeValue>2</attributeTypeValue><widgetName></widgetName><widgetData></widgetData><referencedAttributeDefinitionName></referencedAttributeDefinitionName><beanPropertyName>homeChannelId</beanPropertyName><suppressBeanProperty>false</suppressBeanProperty><groupSplit>false</groupSplit><groupName></groupName><toolTip></toolTip><filterable>false</filterable></attributeDefinition><attributeDefinition mgmtId="SITEATTRDEF3000000000000000000000000TYPE"><name>siteUrl</name><displayName>siteUrl</displayName><columnSource></columnSource><comment></comment><helpText></helpText><language></language><ordering>1</ordering><extensibleOrdinal>-1</extensibleOrdinal><dataTypeValue>1</dataTypeValue><required>true</required><autoGen>false</autoGen><workflowRequired>false</workflowRequired><key>false</key><searchable>false</searchable><summary>false</summary><visible>true</visible><defaultLabel>false</defaultLabel><orderBy>false</orderBy><attributeTypeValue>2</attributeTypeValue><widgetName></widgetName><widgetData></widgetData><referencedAttributeDefinitionName></referencedAttributeDefinitionName><beanPropertyName>siteUrl</beanPropertyName><suppressBeanProperty>false</suppressBeanProperty><groupSplit>false</groupSplit><groupName></groupName><toolTip></toolTip><filterable>false</filterable></attributeDefinition><attributeDefinition mgmtId="SITEATTRDEF4000000000000000000000000TYPE"><name>template</name><displayName>template</displayName><columnSource></columnSource><comment></comment><helpText></helpText><language></language><ordering>1</ordering><extensibleOrdinal>-1</extensibleOrdinal><dataTypeValue>6</dataTypeValue><required>true</required><autoGen>false</autoGen><workflowRequired>false</workflowRequired><key>false</key><searchable>false</searchable><summary>false</summary><visible>true</visible><defaultLabel>false</defaultLabel><orderBy>false</orderBy><attributeTypeValue>2</attributeTypeValue><widgetName></widgetName><widgetData></widgetData><referencedAttributeDefinitionName></referencedAttributeDefinitionName><beanPropertyName>template</beanPropertyName><suppressBeanProperty>false</suppressBeanProperty><groupSplit>false</groupSplit><groupName></groupName><toolTip></toolTip><filterable>false</filterable></attributeDefinition><attributeDefinition mgmtId="SITEATTRDEF6000000000000000000000000TYPE"><name>stageAssocsCollection</name><displayName>stageAssocsCollection</displayName><columnSource></columnSource><comment></comment><helpText></helpText><language></language><ordering>1</ordering><extensibleOrdinal>-1</extensibleOrdinal><dataTypeValue>1</dataTypeValue><required>true</required><autoGen>false</autoGen><workflowRequired>false</workflowRequired><key>false</key><searchable>false</searchable><summary>false</summary><visible>true</visible><defaultLabel>false</defaultLabel><orderBy>false</orderBy><attributeTypeValue>2</attributeTypeValue><widgetName></widgetName><widgetData></widgetData><referencedAttributeDefinitionName></referencedAttributeDefinitionName><beanPropertyName>stageAssocsCollection</beanPropertyName><suppressBeanProperty>false</suppressBeanProperty><groupSplit>false</groupSplit><groupName></groupName><toolTip></toolTip><filterable>false</filterable></attributeDefinition><attributeDefinition mgmtId="SITEATTRDEF7000000000000000000000000TYPE"><name>appInstanceName</name><displayName>appInstanceName</displayName><columnSource></columnSource><comment></comment><helpText></helpText><language></language><ordering>1</ordering><extensibleOrdinal>-1</extensibleOrdinal><dataTypeValue>1</dataTypeValue><required>false</required><autoGen>false</autoGen><workflowRequired>false</workflowRequired><key>false</key><searchable>false</searchable><summary>false</summary><visible>true</visible><defaultLabel>false</defaultLabel><orderBy>false</orderBy><attributeTypeValue>2</attributeTypeValue><widgetName></widgetName><widgetData></widgetData><referencedAttributeDefinitionName></referencedAttributeDefinitionName><beanPropertyName>appInstanceName</beanPropertyName><suppressBeanProperty>false</suppressBeanProperty><groupSplit>false</groupSplit><groupName></groupName><toolTip></toolTip><filterable>false</filterable></attributeDefinition><attributeDefinition mgmtId="SITEATTRDEF8000000000000000000000000TYPE"><name>ttl</name><displayName>Time To Live</displayName><columnSource></columnSource><comment></comment><helpText></helpText><language></language><ordering>1</ordering><extensibleOrdinal>-1</extensibleOrdinal><dataTypeValue>1</dataTypeValue><required>false</required><autoGen>false</autoGen><workflowRequired>false</workflowRequired><key>false</key><searchable>false</searchable><summary>false</summary><visible>true</visible><defaultLabel>false</defaultLabel><orderBy>false</orderBy><attributeTypeValue>2</attributeTypeValue><widgetName></widgetName><widgetData></widgetData><referencedAttributeDefinitionName></referencedAttributeDefinitionName><beanPropertyName>ttl</beanPropertyName><suppressBeanProperty>false</suppressBeanProperty><groupSplit>false</groupSplit><groupName></groupName><toolTip></toolTip><filterable>false</filterable></attributeDefinition><attributeDefinition mgmtId="SITEATTRDEF1100000000000000000000000TYPE"><name>stalePagePolicy</name><displayName>Stale Page Policy</displayName><columnSource></columnSource><comment></comment><helpText></helpText><language></language><ordering>1</ordering><extensibleOrdinal>-1</extensibleOrdinal><dataTypeValue>1</dataTypeValue><required>false</required><autoGen>false</autoGen><workflowRequired>false</workflowRequired><key>false</key><searchable>false</searchable><summary>false</summary><visible>true</visible><defaultLabel>false</defaultLabel><orderBy>false</orderBy><attributeTypeValue>2</attributeTypeValue><widgetName></widgetName><widgetData></widgetData><referencedAttributeDefinitionName></referencedAttributeDefinitionName><beanPropertyName>stalePagePolicy</beanPropertyName><suppressBeanProperty>false</suppressBeanProperty><groupSplit>false</groupSplit><groupName></groupName><toolTip></toolTip><filterable>false</filterable></attributeDefinition><attributeDefinition mgmtId="aad9cd8fa2144310VgnVCM1000007c8f910a____"><name>STYLING-CLASS-NAME</name><displayName>Styling Class Name</displayName><columnSource>vgnAsExtObjAttribs.stringVal01</columnSource><comment></comment><helpText>Provide the name of master controlling class that themes the entire page according to the different stylesheets.</helpText><language></language><ordering>3</ordering><extensibleOrdinal>1</extensibleOrdinal><dataTypeValue>1</dataTypeValue><required>false</required><autoGen>false</autoGen><workflowRequired>false</workflowRequired><key>false</key><searchable>false</searchable><summary>false</summary><visible>false</visible><defaultLabel>false</defaultLabel><orderBy>false</orderBy><attributeTypeValue>1</attributeTypeValue><widgetName>WCMTextWidget</widgetName><widgetData><![CDATA[<validationType>NO</validationType>
<validationExpr><![CDATA[]]>]]<![CDATA[></validationExpr>
<validationExprOther><![CDATA[]]>]]<![CDATA[></validationExprOther>
<validationMode/>
<failureMessageType/>
<failureMessageExpr><![CDATA[]]>]]<![CDATA[></failureMessageExpr>
<defaultValueType>NO</defaultValueType>
<defaultValueExpr><![CDATA[]]>]]<![CDATA[></defaultValueExpr>
<miscValue><![CDATA[]]>]]<![CDATA[></miscValue>
<extraHtml><![CDATA[]]>]]<![CDATA[></extraHtml>
<onChangeFunction><![CDATA[]]>]]<![CDATA[></onChangeFunction>
<transformType>TRANSFORM_IMPL_NONE</transformType>
<transformClass/>
<widgetContextPath>/vgn-wcm-up</widgetContextPath>
<overrideType>NONE</overrideType>
<overridePath/>
<authGroupsRW/>
<authGroupsRO/>
<authGroupsHidden/>
<referenceType>NO</referenceType>
<referenceClass/>
<size>80</size>
<maxlength>175</maxlength>
<defaultvalue/>
]]></widgetData><referencedAttributeDefinitionName></referencedAttributeDefinitionName><beanPropertyName>stylingClassname</beanPropertyName><suppressBeanProperty>false</suppressBeanProperty><groupSplit>false</groupSplit><groupName></groupName><toolTip></toolTip><filterable>false</filterable></attributeDefinition><attributeDefinition mgmtId="cedc0ae7caa75310VgnVCM1000007c8f910a____"><name>PROPERTY-NAME</name><displayName>Property Name</displayName><columnSource>vgnAsExtObjAttribs.stringVal02</columnSource><comment></comment><helpText>'Property Name' will be either the 'Country Name' OR  'Business segment name'</helpText><language></language><ordering>4</ordering><extensibleOrdinal>2</extensibleOrdinal><dataTypeValue>1</dataTypeValue><required>false</required><autoGen>false</autoGen><workflowRequired>false</workflowRequired><key>false</key><searchable>false</searchable><summary>false</summary><visible>false</visible><defaultLabel>false</defaultLabel><orderBy>false</orderBy><attributeTypeValue>1</attributeTypeValue><widgetName>WCMTextWidget</widgetName><widgetData><![CDATA[<validationType>NO</validationType>
<validationExpr><![CDATA[]]>]]<![CDATA[></validationExpr>
<validationExprOther><![CDATA[]]>]]<![CDATA[></validationExprOther>
<validationMode/>
<failureMessageType/>
<failureMessageExpr><![CDATA[]]>]]<![CDATA[></failureMessageExpr>
<defaultValueType>NO</defaultValueType>
<defaultValueExpr><![CDATA[]]>]]<![CDATA[></defaultValueExpr>
<miscValue><![CDATA[]]>]]<![CDATA[></miscValue>
<extraHtml><![CDATA[]]>]]<![CDATA[></extraHtml>
<onChangeFunction><![CDATA[]]>]]<![CDATA[></onChangeFunction>
<transformType>TRANSFORM_IMPL_NONE</transformType>
<transformClass/>
<widgetContextPath>/vgn-wcm-up</widgetContextPath>
<overrideType>NONE</overrideType>
<overridePath/>
<authGroupsRW/>
<authGroupsRO/>
<authGroupsHidden/>
<referenceType>NO</referenceType>
<referenceClass/>
<size>80</size>
<maxlength>175</maxlength>
<defaultvalue/>
]]></widgetData><referencedAttributeDefinitionName></referencedAttributeDefinitionName><beanPropertyName>propertyName</beanPropertyName><suppressBeanProperty>false</suppressBeanProperty><groupSplit>false</groupSplit><groupName></groupName><toolTip>'Property Name' will be the 'Country Name' when the site is part of a country site. 'Property Name' will be the 'business segment name' when the site is not part of a country site, but standalone.</toolTip><filterable>false</filterable></attributeDefinition><attributeDefinition mgmtId="d628e72114464310VgnVCM1000007c8f910a____"><name>GLOBAL-URL</name><displayName>SB Global URL</displayName><columnSource>vgnAsExtObjAttribs.stringVal04</columnSource><comment></comment><helpText></helpText><language></language><ordering>5</ordering><extensibleOrdinal>4</extensibleOrdinal><dataTypeValue>1</dataTypeValue><required>false</required><autoGen>false</autoGen><workflowRequired>false</workflowRequired><key>false</key><searchable>false</searchable><summary>false</summary><visible>false</visible><defaultLabel>false</defaultLabel><orderBy>false</orderBy><attributeTypeValue>1</attributeTypeValue><widgetName>WCMTextWidget</widgetName><widgetData><![CDATA[<validationType>NO</validationType>
<validationExpr><![CDATA[]]>]]<![CDATA[></validationExpr>
<validationExprOther><![CDATA[]]>]]<![CDATA[></validationExprOther>
<validationMode/>
<failureMessageType/>
<failureMessageExpr><![CDATA[]]>]]<![CDATA[></failureMessageExpr>
<defaultValueType>NO</defaultValueType>
<defaultValueExpr><![CDATA[]]>]]<![CDATA[></defaultValueExpr>
<miscValue><![CDATA[]]>]]<![CDATA[></miscValue>
<extraHtml><![CDATA[]]>]]<![CDATA[></extraHtml>
<onChangeFunction><![CDATA[]]>]]<![CDATA[></onChangeFunction>
<transformType>TRANSFORM_IMPL_NONE</transformType>
<transformClass/>
<widgetContextPath>/vgn-wcm-up</widgetContextPath>
<overrideType>NONE</overrideType>
<overridePath/>
<authGroupsRW/>
<authGroupsRO/>
<authGroupsHidden/>
<referenceType>NO</referenceType>
<referenceClass/>
<size>80</size>
<maxlength>175</maxlength>
<defaultvalue/>
]]></widgetData><referencedAttributeDefinitionName></referencedAttributeDefinitionName><beanPropertyName>globalUrl</beanPropertyName><suppressBeanProperty>false</suppressBeanProperty><groupSplit>false</groupSplit><groupName></groupName><toolTip></toolTip><filterable>false</filterable></attributeDefinition><attributeDefinition mgmtId="2fdc0ae7caa75310VgnVCM1000007c8f910a____"><name>GLOBAL-URL-TITLE</name><displayName>Title for SB Global URL</displayName><columnSource>vgnAsExtObjAttribs.stringVal03</columnSource><comment></comment><helpText></helpText><language></language><ordering>6</ordering><extensibleOrdinal>3</extensibleOrdinal><dataTypeValue>1</dataTypeValue><required>false</required><autoGen>false</autoGen><workflowRequired>false</workflowRequired><key>false</key><searchable>false</searchable><summary>false</summary><visible>false</visible><defaultLabel>false</defaultLabel><orderBy>false</orderBy><attributeTypeValue>1</attributeTypeValue><widgetName>WCMTextWidget</widgetName><widgetData><![CDATA[<validationType>NO</validationType>
<validationExpr><![CDATA[]]>]]<![CDATA[></validationExpr>
<validationExprOther><![CDATA[]]>]]<![CDATA[></validationExprOther>
<validationMode/>
<failureMessageType/>
<failureMessageExpr><![CDATA[]]>]]<![CDATA[></failureMessageExpr>
<defaultValueType>NO</defaultValueType>
<defaultValueExpr><![CDATA[]]>]]<![CDATA[></defaultValueExpr>
<miscValue><![CDATA[]]>]]<![CDATA[></miscValue>
<extraHtml><![CDATA[]]>]]<![CDATA[></extraHtml>
<onChangeFunction><![CDATA[]]>]]<![CDATA[></onChangeFunction>
<transformType>TRANSFORM_IMPL_NONE</transformType>
<transformClass/>
<widgetContextPath>/vgn-wcm-up</widgetContextPath>
<overrideType>NONE</overrideType>
<overridePath/>
<authGroupsRW/>
<authGroupsRO/>
<authGroupsHidden/>
<referenceType>NO</referenceType>
<referenceClass/>
<size>80</size>
<maxlength>175</maxlength>
<defaultvalue/>
]]></widgetData><referencedAttributeDefinitionName></referencedAttributeDefinitionName><beanPropertyName>globalUrlTitle</beanPropertyName><suppressBeanProperty>false</suppressBeanProperty><groupSplit>false</groupSplit><groupName></groupName><toolTip></toolTip><filterable>false</filterable></attributeDefinition><attributeDefinition mgmtId="a25c45d42e7a7310VgnVCM1000007c8f910a____"><name>SEO-TITLE-PREFIX</name><displayName>SEO Brand Name</displayName><columnSource>vgnAsExtObjAttribs.stringVal05</columnSource><comment></comment><helpText>Brand Name for a site which will be used as prefix for 'Title' Meta Tag.</helpText><language></language><ordering>7</ordering><extensibleOrdinal>5</extensibleOrdinal><dataTypeValue>1</dataTypeValue><required>false</required><autoGen>false</autoGen><workflowRequired>false</workflowRequired><key>false</key><searchable>false</searchable><summary>false</summary><visible>false</visible><defaultLabel>false</defaultLabel><orderBy>false</orderBy><attributeTypeValue>1</attributeTypeValue><widgetName>WCMTextWidget</widgetName><widgetData><![CDATA[<validationType>NO</validationType>
<validationExpr><![CDATA[]]>]]<![CDATA[></validationExpr>
<validationExprOther><![CDATA[]]>]]<![CDATA[></validationExprOther>
<validationMode/>
<failureMessageType/>
<failureMessageExpr><![CDATA[]]>]]<![CDATA[></failureMessageExpr>
<defaultValueType>CN</defaultValueType>
<defaultValueExpr><![CDATA[Standard Bank]]>]]<![CDATA[></defaultValueExpr>
<miscValue><![CDATA[]]>]]<![CDATA[></miscValue>
<extraHtml><![CDATA[]]>]]<![CDATA[></extraHtml>
<onChangeFunction><![CDATA[]]>]]<![CDATA[></onChangeFunction>
<transformType>TRANSFORM_IMPL_NONE</transformType>
<transformClass/>
<widgetContextPath>/vgn-wcm-up</widgetContextPath>
<overrideType>NONE</overrideType>
<overridePath/>
<authGroupsRW/>
<authGroupsRO/>
<authGroupsHidden/>
<referenceType>NO</referenceType>
<referenceClass/>
<size>80</size>
<maxlength>175</maxlength>
<defaultvalue/>
]]></widgetData><referencedAttributeDefinitionName></referencedAttributeDefinitionName><beanPropertyName>seoTitlePrefix</beanPropertyName><suppressBeanProperty>false</suppressBeanProperty><groupSplit>false</groupSplit><groupName></groupName><toolTip>Brand Name for a site which will be used as prefix for 'Title' Meta Tag.</toolTip><filterable>false</filterable></attributeDefinition><attributeDefinition mgmtId="SITEATTRDEF5000000000000000000000000TYPE"><name>id</name><displayName>id</displayName><columnSource></columnSource><comment></comment><helpText></helpText><language></language><ordering>10</ordering><extensibleOrdinal>-1</extensibleOrdinal><dataTypeValue>10</dataTypeValue><required>true</required><autoGen>false</autoGen><workflowRequired>false</workflowRequired><key>false</key><searchable>false</searchable><summary>false</summary><visible>true</visible><defaultLabel>false</defaultLabel><orderBy>false</orderBy><attributeTypeValue>2</attributeTypeValue><widgetName></widgetName><widgetData></widgetData><referencedAttributeDefinitionName></referencedAttributeDefinitionName><beanPropertyName>id</beanPropertyName><suppressBeanProperty>false</suppressBeanProperty><groupSplit>false</groupSplit><groupName></groupName><toolTip></toolTip><filterable>false</filterable></attributeDefinition></relation><adhocReferences></adhocReferences><acl><entry name="VgnAllUsersGroup" type="group"><grants><capability application="AUTH" name="DELEGATE_TO_ROLE"/></grants></entry><entry name="vgnadmin" type="user"><grants><capability application="VCM" name="DELETE"/><capability application="VCM" name="MODIFY"/><capability application="VCM" name="WORKFLOW_DEF_READ"/><capability application="VCM" name="OBJECT_TYPE_READ"/><capability application="VCM" name="OBJECT_TYPE_WRITE"/><capability application="VCM" name="SECURITY_WRITE"/><capability application="VCM" name="OBJECT_TYPE_DELETE"/><capability application="VCM" name="PROMOTE_AND_DEMOTE"/><capability application="VCM" name="MODIFY_ACL"/><capability application="VCM" name="MODIFY_TAX_ASSOCS"/><capability application="VCM" name="SECURITY_READ"/><capability application="VCM" name="DEPLOY_AND_UNDEPLOY"/></grants></entry></acl></objectType></importObjectType></packageBody>