<?xml version="1.0" encoding="UTF-8"?><packageBody xmlns:xsi="http://www.w3.org/2001/XMLSchema-instance" xmlns="http://www.vignette.com/xmlschemas/importexport" xsi:schemaLocation="http://www.vignette.com/xmlschemas/importexport 8100/packageBody.xsd"><importObjectType><group name="VGNGRP_1"/><objectType mgmtId="CHANNEL00000000000000000000000000000TYPE" vcmId="06984221fe214310VgnVCM1000000a80850aRCRD" vcmStatus="approved" vcmName="Channel"><name>Channel</name><displayName>Channel</displayName><description></description><iconPath></iconPath><defaultLogicalPath></defaultLogicalPath><siteAffinity>false</siteAffinity><workflowCreateId></workflowCreateId><workflowEditId></workflowEditId><javaClassName>com.vignette.as.client.javabean.Channel</javaClassName><eligibilitiesClassName></eligibilitiesClassName><dataSourceLabel>AppSvcs Resource</dataSourceLabel><userApplURL></userApplURL><editorStyle>v8</editorStyle><smallIconPath></smallIconPath><largeIconPath></largeIconPath><defaultThumbnailPath></defaultThumbnailPath><relation mgmtId="CHANNELRELATION000000000000000000000TYPE"><parentRelation></parentRelation><name>ChannelAttrRelation</name><displayName>ChannelAttrRelation</displayName><minimum>0</minimum><maximum>-1</maximum><beanPropertyName>ChannelAttrRelation</beanPropertyName><suppressBeanProperty>false</suppressBeanProperty><attributeDefinition mgmtId="CHANNELATTRDEF0000000000000000000000TYPE"><name>name</name><displayName>Name</displayName><columnSource></columnSource><comment></comment><helpText></helpText><language></language><ordering>1</ordering><extensibleOrdinal>-1</extensibleOrdinal><dataTypeValue>1</dataTypeValue><required>true</required><autoGen>false</autoGen><workflowRequired>false</workflowRequired><key>false</key><searchable>false</searchable><summary>false</summary><visible>true</visible><defaultLabel>true</defaultLabel><orderBy>false</orderBy><attributeTypeValue>2</attributeTypeValue><widgetName></widgetName><widgetData></widgetData><referencedAttributeDefinitionName></referencedAttributeDefinitionName><beanPropertyName>name</beanPropertyName><suppressBeanProperty>false</suppressBeanProperty><groupSplit>false</groupSplit><groupName></groupName><toolTip></toolTip><filterable>false</filterable></attributeDefinition><attributeDefinition mgmtId="e148cd8fa2144310VgnVCM1000007c8f910a____"><name>FRIENDLY-NAME</name><displayName>Friendly Name</displayName><columnSource>vgnAsExtObjAttribs.stringVal01</columnSource><comment></comment><helpText></helpText><language></language><ordering>1</ordering><extensibleOrdinal>1</extensibleOrdinal><dataTypeValue>1</dataTypeValue><required>false</required><autoGen>false</autoGen><workflowRequired>false</workflowRequired><key>false</key><searchable>false</searchable><summary>false</summary><visible>false</visible><defaultLabel>false</defaultLabel><orderBy>false</orderBy><attributeTypeValue>1</attributeTypeValue><widgetName>WCMTextWidget</widgetName><widgetData><![CDATA[<validationType>NO</validationType>
<validationExpr><![CDATA[]]>]]<![CDATA[></validationExpr>
<validationExprOther><![CDATA[]]>]]<![CDATA[></validationExprOther>
<validationMode/>
<failureMessageType/>
<failureMessageExpr><![CDATA[]]>]]<![CDATA[></failureMessageExpr>
<defaultValueType>NO</defaultValueType>
<defaultValueExpr><![CDATA[]]>]]<![CDATA[></defaultValueExpr>
<miscValue><![CDATA[]]>]]<![CDATA[></miscValue>
<extraHtml><![CDATA[]]>]]<![CDATA[></extraHtml>
<onChangeFunction><![CDATA[]]>]]<![CDATA[></onChangeFunction>
<transformType>TRANSFORM_IMPL_NONE</transformType>
<transformClass/>
<widgetContextPath>/vgn-wcm-up</widgetContextPath>
<overrideType>NONE</overrideType>
<overridePath/>
<authGroupsRW/>
<authGroupsRO/>
<authGroupsHidden/>
<referenceType>NO</referenceType>
<referenceClass/>
<size/>
<maxlength/>
<defaultvalue/>
]]></widgetData><referencedAttributeDefinitionName></referencedAttributeDefinitionName><beanPropertyName>friendlyName</beanPropertyName><suppressBeanProperty>false</suppressBeanProperty><groupSplit>false</groupSplit><groupName></groupName><toolTip></toolTip><filterable>false</filterable></attributeDefinition><attributeDefinition mgmtId="f3687601f2eb9310VgnVCM1000007c8f910a____"><name>SBG-CHANNEL-DESCRIPTOR</name><displayName>SBG Channel Descriptor</displayName><columnSource>vgnAsBlobData.blobData</columnSource><comment></comment><helpText></helpText><language></language><ordering>7</ordering><extensibleOrdinal>7</extensibleOrdinal><dataTypeValue>8</dataTypeValue><required>false</required><autoGen>false</autoGen><workflowRequired>false</workflowRequired><key>false</key><searchable>false</searchable><summary>false</summary><visible>false</visible><defaultLabel>false</defaultLabel><orderBy>false</orderBy><attributeTypeValue>1</attributeTypeValue><widgetName>WCMHiddenWidget</widgetName><widgetData><![CDATA[<validationType>NO</validationType>
<validationExpr><![CDATA[]]>]]<![CDATA[></validationExpr>
<validationExprOther><![CDATA[]]>]]<![CDATA[></validationExprOther>
<validationMode/>
<failureMessageType/>
<failureMessageExpr><![CDATA[]]>]]<![CDATA[></failureMessageExpr>
<defaultValueType>NO</defaultValueType>
<defaultValueExpr><![CDATA[]]>]]<![CDATA[></defaultValueExpr>
<miscValue><![CDATA[]]>]]<![CDATA[></miscValue>
<extraHtml><![CDATA[]]>]]<![CDATA[></extraHtml>
<onChangeFunction><![CDATA[]]>]]<![CDATA[></onChangeFunction>
<transformType>TRANSFORM_IMPL_NONE</transformType>
<transformClass/>
<widgetContextPath>/vgn-wcm-up</widgetContextPath>
<overrideType>NONE</overrideType>
<overridePath/>
<authGroupsRW/>
<authGroupsRO/>
<authGroupsHidden/>
<referenceType>NO</referenceType>
<referenceClass/>
<defaultvalue><![CDATA[]]>]]<![CDATA[></defaultvalue>
]]></widgetData><referencedAttributeDefinitionName></referencedAttributeDefinitionName><beanPropertyName>sbgChannelDescriptor</beanPropertyName><suppressBeanProperty>false</suppressBeanProperty><groupSplit>false</groupSplit><groupName></groupName><toolTip></toolTip><filterable>false</filterable></attributeDefinition></relation><adhocReferences></adhocReferences><acl><entry name="VgnAllUsersGroup" type="group"><grants><capability application="AUTH" name="DELEGATE_TO_ROLE"/></grants></entry><entry name="vgnadmin" type="user"><grants><capability application="VCM" name="DELETE"/><capability application="VCM" name="MODIFY"/><capability application="VCM" name="WORKFLOW_DEF_READ"/><capability application="VCM" name="OBJECT_TYPE_READ"/><capability application="VCM" name="OBJECT_TYPE_WRITE"/><capability application="VCM" name="SECURITY_WRITE"/><capability application="VCM" name="OBJECT_TYPE_DELETE"/><capability application="VCM" name="PROMOTE_AND_DEMOTE"/><capability application="VCM" name="MODIFY_ACL"/><capability application="VCM" name="MODIFY_TAX_ASSOCS"/><capability application="VCM" name="SECURITY_READ"/><capability application="VCM" name="DEPLOY_AND_UNDEPLOY"/></grants></entry></acl></objectType></importObjectType></packageBody>